{
    "display": {
        "title": {
            "text": "Cast your eyes"
        },
        "description": {
            "text": "Participate in the community dragon fight"
        },
        "icon": {
            "item": "minecraft:ender_eye"
        },
        "frame": "task",
        "show_toast": true,
        "announce_to_chat": false,
        "hidden": false
    },
    "criteria": {
        "impossible": {
            "trigger": "minecraft:impossible"
        }
    },
    "parent": "slabserver:seasonthree/root"
}