{
    "display": {
        "title": {
            "text": "More advancements coming soon..."
        },
        "description": {
            "text": ""
        },
        "icon": {
            "item": "minecraft:music_disc_11"
        },
        "frame": "task",
        "show_toast": true,
        "announce_to_chat": false,
        "hidden": false
    },
    "criteria": {
        "impossible": {
            "trigger": "minecraft:impossible"
        }
    },
    "parent": "slabserver:launch/castyoureyes"
}