{
    "display": {
        "title": {
            "text": "Slabserver"
        },
        "description": {
            "text": "Join the Etho Community Server"
        },
        "icon": {
            "item": "minecraft:diamond_ore"
        },
        "frame": "task",
        "show_toast": true,
        "announce_to_chat": false,
        "hidden": true
    },
    "criteria": {
        "impossible": {
            "trigger": "minecraft:impossible"
        }
    },
    "parent": "slabserver:launch/castyoureyes"
}